{"biasnet": {"dmpnn": {"roc_auc": 0.8384313725490196, "accuracy": 0.8157894736842105, "f1_score": 0.7407407407407408, "Recall": 0.8, "Precison": 0.6896551724137931, "SE": 0.8, "SP": 0.8235294117647058, "PPV": 0.6896551724137931, "cohen_kappa": 0.5990957045968349, "mcc": 0.6030649781163533}}}
